ORDER_ID,PRODUCT_ID,USER_ID,PRODUCT_DESCRIPTION,ORDER_DATE,SHIPPING_DATE,DELIVERY_DATE,AMOUNT,STATUS,DELIVERY_PARTNER_NO
1,19135002.0,34,"Red and blue printed unstitched dress material Red and blue printed kurta fabric Red and blue embellished bottom fabric Red and blue printed dupatta, has printed border Disclaimer: Images are for referral purposes only. The actual product is unstitched Dry Clean Only Kurta Fabric Length:-1.80 Meter Bottom Fabric Length:-1.30 Meter Dupatta Fabric Length:-2.20 Meter",2025-10-06,2025-10-07,2025-10-10,904.0,packed,1763817426
2,15274868.0,23,"Purple regular wrap top Solid V-neck,  short,  regular sleeves Handloom cotton Tie-ups closure The model (height 5'8) is wearing a size S100% Cotton Hand wash",2025-09-26,2025-09-29,2025-10-03,4816.0,packed,6678430602
3,15183010.0,37,Women Solid Full Sleeves Denim JacketCotton Machine Wash,2025-10-09,2025-10-10,2025-10-17,1245.0,delivered,6789382057
4,13750906.0,51,"Shiffli Detailed Flared Mini Skirt With Elasticated Waist.Pair This Skirt With  Fitted Top, Shell Earrings From Kazo And Strappy Footwear For A Beach Ready Look. COTTON SHIFFLI",2025-10-16,2025-10-19,2025-10-21,1188.0,shipped,2727142969
5,16583238.0,52,"Beige solid pullover ,has a turtle neck,  long sleeves,  ribbed hemThe model (height 5'8) is wearing a size S100% Acrylic Machine wash",2025-09-25,2025-09-28,2025-09-30,4957.0,shipped,4864099984
6,12178108.0,9,"Blue washed jacket, has a spread collar, 4 pockets, button closure, long sleeves, straight hemThe model (height 5'8"") is wearing a size S100% cotton Machine Wash",2025-09-25,2025-09-26,2025-09-28,4816.0,shipped,5644175940
7,18840966.0,5,"Beige regular cinched waist top Solid Round neck,  long,  bell sleeve sleeves Gathered or pleated detail Woven 100% Polyester Machine WashThe model (height 5'8) is wearing a size S",2025-09-29,2025-10-02,2025-10-07,3354.0,out for delivery,5104491002
8,12221892.0,20,"Green coloured wash 4-pocket high-rise jeans, clean look, no fade, has a button and zip closure, and paperbag waistband with belt loopsRegular Fit Stretchable The model (height 5'8"") is wearing a size 2896% cotton, 4% spandex Machine-wash",2025-10-01,2025-10-04,2025-10-08,4941.0,delivered,3367334568
9,19069120.0,15,"Gold-toned and white floral embroidered dupatta,  solid border POLYESTER",2025-09-27,2025-09-30,2025-10-03,2688.0,packed,3220255862
10,17084446.0,58,"White & Red Printed Dupatta, has solid border Length:2.40 Mtr ; Width :1.08 Mtr Material : Tusser Silk , Type :Printed , Care: Dry clean Only",2025-10-01,2025-10-02,2025-10-09,1734.0,out for delivery,8024805120
11,18859090.0,73,"Purple and brown dyed unstitched dress material Purple and brown dyed kurta fabric Purple and brown dyed bottom fabric Purple and brown dyed dupatta, has printed border Disclaimer: Images are for referral purposes only. The actual product is unstitched First Wash should preferably be dry clean Top fabric length: Bottom fabric length: Dupatta length: 2 metres (approx)",2025-09-26,2025-09-27,2025-10-01,3432.0,delivered,3610203285
12,14094022.0,25,"Beige and golden printed open front jacket, is collarless, and has a curved hem, with attached lining Engineered with moisture absorbent featureThe model (height 5'8"") is wearing a size S60% Viscose and 40% Polyester Hand wash",2025-09-21,2025-09-23,2025-09-28,4022.0,shipped,6539664919
13,11283270.0,43,"This co-ords consists of top and skirt Off-White and red printed top, has a V-neck, sleeveless Off-White and red printed skirt, has a slip-on closureThe model (height 5'8"") is wearing a size S55% Viscose / 35% Cotton / 10% Flex",2025-09-25,2025-09-26,2025-09-29,2985.0,shipped,5333510682
14,18499480.0,49,"Green and red embellished unstitched dress material Green and red embellished kurta fabric Green and red solid bottom fabric Green and red dupatta, has taping border Disclaimer: Images are for referral purposes only. The actual product is unstitchedTop fabric length: Bottom fabric length: Dupatta length: 2 metres (approx) Dry Clean",2025-10-02,2025-10-05,2025-10-08,1200.0,ordered,1913561031
15,18757316.0,28,"Pink and gold-toned embroidered lehenga choli with dupatta, Pink and gold-toned embroidered ready to wear blouse,  has a round neck,  sleeveless,  pink and gold-toned embroidered ready to wear lehenga, flared hem Pink and gold-toned embellished dupatta,  taping border, Cold water wash only",2025-10-12,2025-10-13,2025-10-15,3458.0,out for delivery,2647038690
16,17608074.0,70,"Green double breasted blazer, has notched lapel collar, long sleeve, 2 pocketsThe model (height 5'8) is wearing a size SComposition: 76% polyester,18% viscose,6% elastane Lining: 55% polyester,45% viscose Sleeve lining: 55% polyester,45% viscose Dry Clean",2025-09-23,2025-09-26,2025-09-30,4408.0,out for delivery,1964921337
17,17960186.0,53,"White and blue printed flared maxi skirt, has an elasticated waistband with slip-on closure, flared hem Rayon crepe Machine-wash The model (height 5'8'') is wearing size 28",2025-09-25,2025-09-28,2025-10-04,4070.0,delivered,6368348321
18,10611412.0,49,"Rust brown solid sweatshirt, has a round neck, long sleeves, straight hemThe model (height 5'8"") is wearing a size SCotton blend Hand-wash",2025-09-28,2025-10-01,2025-10-05,2046.0,out for delivery,9622386426
19,15176096.0,45,"Black woven trousers Regular fit Mid-rise Length:  cropped Pattern: solid Flat-front, with no pleats design Feature:  plain 2 pockets Fit: Regular Fit The model (height 5'8) is wearing a size 28100% Cotton Machine wash",2025-10-16,2025-10-19,2025-10-23,3645.0,packed,4551448838
20,7606774.0,47,"Black printed woven A-line top, has a tie-up neck, three-quarter sleeves,Pure Cotton Machine-washRegular Fit The model (height 5'8"") is wearing a size S",2025-10-15,2025-10-18,2025-10-21,1906.0,ordered,9118307735
21,14499100.0,47,"Yellow and pink woven design lehenga choli with dupatta, Yellow woven design ready to wear blouse, has a round neck, sleeveless, button closure Pink printed ready to wear lehenga, has drawstring closure, flared hem Yellow solid dupatta, solid border70% Cotton, 30% Polyester Blouse fabric: Cotton blend Lehenga fabric: Cotton blend Dupatta fabric: Cotton blend",2025-10-16,2025-10-19,2025-10-24,4289.0,out for delivery,7545037623
22,17495594.0,31,"Peach-coloured woven design unstitched dress material Peach-coloured woven design kurta fabric Peach-coloured solid bottom fabric Peach-coloured woven design dupatta, has tassels border Disclaimer: Images are for referral purposes only. The actual product is unstitchedTop fabric length: Calf Length Bottom fabric length: Ankle Length Dupatta length: 2 metres (approx) Dry Clean Only",2025-09-25,2025-09-26,2025-09-28,2221.0,delivered,9359396087
23,18213208.0,69,"Rose ethnic motifs embroidered dupatta chikankari,  fringed border100% Net Hand wash Length: 2.40 m Width: 92 cm",2025-09-23,2025-09-25,2025-10-01,4752.0,packed,9739285770
24,13637780.0,20,"Rust embellished A-line top, has a mandarin collar, three-quartered sleeves and button closureMaterial: Pure Cotton Machine WashRegular Fit The model (height 5'8"") is wearing a size S",2025-10-11,2025-10-13,2025-10-20,2262.0,shipped,9986035382
25,11552838.0,56,"Green solid woven cinched waist  top, has a V-neck, and long sleevesMaterial: Polyester Machine WashSemi-Fit The model (height 5'8"") is wearing a size S",2025-09-26,2025-09-28,2025-10-05,2721.0,out for delivery,2678034317
26,15748940.0,62,"White and pink embellished lehenga choli with dupatta, has shibori technique and mirror work White embellished unstitched blouse, has a round neck, long sleeves, white embellished made to measure lehenga, has drawstring closure, flared hem Pink printed dupatta, taping border100% Polyester Dry Clean onlyDupatta Length :- 2.4 meter Lehenga Length :- 41 inch Blouse Length :- Unstitched 1 meter",2025-09-30,2025-10-02,2025-10-05,1566.0,out for delivery,3402283858
27,11842374.0,9,"Off-white solid basic jumpsuit, has a V-neck, sleeveless, an inner lining, button closure This product does not come with a beltThe model (height 5'8'') is wearing a size SMaterial: Polyester Machine Wash",2025-09-28,2025-09-30,2025-10-04,719.0,packed,6428376736
28,14134854.0,8,"Dark no fade blue jeans Flared,  mid-rise Low distress Non stretchable 4 pocket Length: cropped Fit: Flared The model (height 5'8) is wearing a size SCotton Machine wash",2025-09-30,2025-10-01,2025-10-05,2854.0,shipped,2058512158
29,13000464.0,33,"Blue medium wash 4-pocket high-rise stretchable cropped jeans with front slit at hem and panelled detail, clean look, light fade, has a button and zip closure, and waistband with belt loopsRelaxed Fit The model (height 5'8"") is wearing a size 28Material: 100% Cotton Machine Wash",2025-10-16,2025-10-17,2025-10-19,4301.0,ordered,3210286542
30,13601350.0,31,"Maroon and off-white top Horizontal striped Round neck Long regular sleeves Knitted The model (height 5'8) is wearing a size S60% Cotton, 40% Viscose Machine wash",2025-09-28,2025-09-30,2025-10-02,3197.0,out for delivery,8012098818
31,18688450.0,45,"Rose-pink printed flared maxi skirt, has an elasticated waistband with slip-on closure, and a flared hem 100% Rayon Machine-wash The model (height 5'8"") is wearing size 28",2025-10-10,2025-10-11,2025-10-18,3185.0,delivered,6204325533
32,14535718.0,80,White and green knitted palazzos Solid Opaque Wide leg fit Elasticated waistband Length:  regular Knitted viscose rayon fabric Viscose rayon Hand washWide Leg fit The model (height 5'8) is wearing a size 28,2025-10-12,2025-10-13,2025-10-15,815.0,packed,6103072301
33,18980716.0,51,"Green and red solid lehenga choli with dupatta, Green and red solid unstitched blouse,  short sleeves,  green and red printed semi-stitched lehenga, has zip closure, flared hem Green and red printed dupatta,  tassels borderBlouse fabric: Raw silk Lehenga fabric: Silk blend Lehenga lining: Poly crepe Dupatta fabric: Silk Dry cleanLehenga Flare : 4 m Blouse Length : 0.8 m Duptta Length : 2.25 m",2025-10-13,2025-10-15,2025-10-22,1567.0,shipped,8370146036
34,19168716.0,54,"Black regular top Solid Round neck,  short,  regular sleeves Knitted The model (height 5'8) is wearing a size SCotton Machine Wash in cold water (30 degree C or low) to avoid shrinkage Line-dry in shade to avoid yellowing For whites, wash with non-chlorine bleach on a hot water setting Iron when slightly damp",2025-10-19,2025-10-20,2025-10-25,1899.0,packed,2091250109
35,19232080.0,7,"Maroon solid above-knee skirt, has an elasticated waistband, slip-on closure and flared hem Polyester Machine Wash The model (height 5'8'') is wearing a size 26",2025-10-04,2025-10-05,2025-10-10,4393.0,delivered,5637612018
36,19240164.0,65,"Colour: navy blue Floral embroidered Boat neck Three-quarter,  regular sleeves Straight shape with regular style Thread work detail Calf length with straight hem Knitted regular viscose rayon The model (height 5'8) is wearing a size SViscose Rayon Hand Wash",2025-09-30,2025-10-01,2025-10-06,2517.0,out for delivery,6941125000
37,17685188.0,79,"Blue typography printed lightweight denim jacket,  has a spread collar,  2  pockets ,has a snap button closure, three-quarter sleeves,  straight  hemline, cotton  liningCotton Denim Machine WashThe model (height 5'8) is wearing a size S",2025-10-19,2025-10-20,2025-10-25,2992.0,out for delivery,7813557781
38,18282302.0,4,"Black printed midi straight skirt has a slit on both sides, elasticated waistband with concealed zip closure. The model of height (of height 5'8"") is wearing a size 28 100% Cotton Hand Wash",2025-10-04,2025-10-06,2025-10-12,548.0,shipped,4531570952
39,17104804.0,73,"Mustard yellow printed Kurta with Trousers Kurta design: Striped printed Straight shape Regular style Round neck,  three-quarter flared sleeves Calf length with curved hem Pure cotton machine weave fabric Trousers design: Printed Trousers Partially elasticated waistband Slip-on closure Top fabric:  Pure Cotton Bottom fabric:  Pure Cotton Machine washThe model (height 5'8) is wearing a size S",2025-09-24,2025-09-25,2025-09-30,2020.0,shipped,4982521009
40,15088956.0,43,"Dusty pink solid cropped sweatshirt, has a high neck, long sleeves, straight hem52% cotton, 48% polyester Machine washThe model (height 5'8) is wearing a size S",2025-09-22,2025-09-23,2025-09-27,3125.0,delivered,2907076778
41,17771942.0,14,Design Details Green and yellow chanderi saree Ethnic motifs printed saree with printed border Disclaimer: The saree comes with an unstitched blouse piece The blouse worn by the model might be for modelling purpose only. Check the image of the blouse piece to understand how the actual blouse piece looks like.Silk Cotton Dry Clean Length: 5.5 metres plus 0.8 metre blouse piece Width: 1.06 metres (approx.),2025-10-02,2025-10-03,2025-10-10,1937.0,ordered,7875500240
42,14135266.0,22,"Special Technique/Craft: This product features a renowned craft of sanganeri block print, from the princely state of Jaipur in a contemporary avatar.Intricately detailed botanical hand block printsare juxtaposed against dreamy stripes and checks in pastel hues. Sober, low toned colors and delicate lines, creating finer designs like the poppy, rose & lotus, usually against a white background, are well know characteristics of this craft. Design: Region: Jaipur White and blue Floral printed dupatta Printed border Disclaimer: This is a handcrafted kurta, and is prone to colour bleeding due to use of natural dyes The print on the garment might be uneven owning to the handcrafted nature of the product, adding essence to the garment Taavi uses sustainable thread for the manufacturing of its garments. 100% Cotton Hand washLength: 2.5 m Width: 92 cm",2025-09-29,2025-10-02,2025-10-09,4184.0,ordered,5804470198
43,13135178.0,42,"Pink and gold-coloured polka dots printed Dupatta, has a fringed border Silk Blend Hand Wash dimension: 2.2 m x 0.83 m(Length x
Width)",2025-09-20,2025-09-23,2025-09-25,3108.0,out for delivery,3835019157
44,17240950.0,41,"Elevate your fashion game by opting for this smart and trendy co-ord set. Tailored with appealing short sleeves, this co-ord set also features an attractive round neck. Beautiful grey tone Solid top Solid palazzos Short sleeves Slip-on closure Round neck Pure cotton, hand wash Trend Alert Defined by edgy details, such as cutouts, pockets, tie-ups, back detailing, wrap, which add style and drama to your apparel, all in the details trend stands out beautifully. It experiments with prints and patterns, like ombre, garden artist, embellished, polka dots, floral, porcelain blooms, and so on. Size worn by the model: S Chest: 34'' Waist: 25"" Hips: 36'' Height: 5'8"" Pure Cotton Machine wash",2025-10-15,2025-10-16,2025-10-23,2587.0,packed,2033414971
45,13994184.0,67,"Design Details: Pink   embroidered saree and has an embroidered border The model is wearing a blouse from our stylist's collection, see the image for a mock-up of what the actual blouse would look like Fabric: Net is a sheer and delicate fabric that is made with a process looping or knotting of the weave at intersections.Saree fabric: net Blouse fabric: net Dry-cleanLength: 5.5 metres plus 0.8 metre blouse piece Width: 1.06 metres (approx)",2025-10-16,2025-10-19,2025-10-25,4838.0,ordered,6899306961
46,19178122.0,55,"Brown Trousers Regular fit Mid-rise Length: regular Pattern: animal printed Flat-front, with no pleats design Feature: plain 2 pockets 100% Viscose Machine Wash Fit: Regular Fit The model (height 5'8) is wearing a size 28",2025-10-12,2025-10-14,2025-10-18,1177.0,shipped,4274914933
47,16836204.0,73,"Blue denim above knee length denim a-line skirt, has a button closure, frayed hemline, and smocked waistband98% Cotton 2% Elastane Machine-washThe model (height 5'8"") is wearing a size 28",2025-10-15,2025-10-17,2025-10-20,3048.0,ordered,6186802945
48,13880014.0,63,Rust brown and pink regular top Floral printed Round neck Long puff sleeves Embroidered detail Woven 100% PolyesterMachine washThe model (height 5'8) is wearing a size S,2025-09-20,2025-09-21,2025-09-27,3557.0,ordered,5716168305
49,18642886.0,34,"White and brown top and skirt co-ord set, has round neck, sleeveless, slip-on closure, and flared hemPolyester hand wash",2025-10-18,2025-10-21,2025-10-24,4291.0,ordered,2243286991
50,17787978.0,35,"Turquoise blue and grey printed unstitched dress material Turquoise blue and grey printed kurta fabric Turquoise blue and grey printed bottom fabric Turquoise blue and grey printed dupatta, has printed border Disclaimer: Images are for referral purposes only. The actual product is unstitchedCotton blend Dry Clean OnlyTop: 2.40 Mtr Bottom: 2.60 Mtr Dupatta: 2.30 Mtr Dupatta Width: 1.1 Mtr",2025-10-13,2025-10-14,2025-10-19,1514.0,ordered,6851264779
51,14850332.0,32,Design Details Pink and gold-toned banarasi saree Ethnic motifs woven design saree with woven design border The saree comes with an unstitched blouse piece The blouse worn by the model might be for modelling purpose only. Check the image of the blouse piece to understand how the actual blouse piece looks like.Saree fabric:  Silk Blend Blouse fabric:  Silk Blend Dry cleanLength: 5.5 metres plus 0.8 metre blouse piece Width: 1.06 metres (approx.),2025-10-02,2025-10-05,2025-10-08,2578.0,shipped,5781298829
52,15098904.0,7,"Aubergine and golden woven design lehenga choli with dupatta, with zari detail Aubergine and golden woven design unstitched blouse Aubergine and golden woven design semi-stitched lehenga, flared hem, with can-can lining Turquoise blue and golden woven design dupatta, tassels borderBlouse fabric: Silk Blend Lehenga fabric: Silk Blend Lehenga lining fabric: Shantoon Dupatta fabric: Raw Silk Lehenga flare- 3 m Blouse- 1 m Dupatta- 2.25 m",2025-09-22,2025-09-25,2025-09-30,4900.0,out for delivery,8682572802
53,11659720.0,43,"A pair of Black solid knitted flared fit Palazzos, opaque, 2 pockets, and drawstring closureMaterial: Viscose Rayon Hand WashThe model (height 5'8"") is wearing a size 28",2025-10-12,2025-10-14,2025-10-17,4413.0,delivered,7917655134
54,10811418.0,8,"Green and pink lehenga choli with dupatta, has zari Pink blouse, has a boat neck, short sleeves Green embellished semi-stitched lehenga, flared hem Green embellished dupatta, tasselled borderBlouse fabric: Polyester Lehenga fabric: Art Silk Lehenga lining fabric: Shantoon Dupatta fabric: Art SilkLehenga length: 1.0668 m; waist customizable up to 1.1176 m Blouse Size (Semi-Stitched )customizable up to 1.0668 m Dupatta Length: 2.5 m",2025-10-09,2025-10-12,2025-10-19,2243.0,packed,6640068971
55,13875432.0,22,"Beige lehenga choli with dupatta, has zari Beige unstitch blouse piece Beige semi-stitched lehenga, flared hem Sea Green embellished dupatta Blouse fabric: Net Lehenga fabric: Net Lehenga lining fabric: Satin Dupatta fabric: NetLehenga:-Net 1.06 m (42inch) Blouse: 1 m Dupatta:-2.40 m Lehenga gher:2.40 m",2025-10-03,2025-10-06,2025-10-09,3105.0,delivered,8419752469
56,15520698.0,13,"Colour: navy blue Floral yoke design Round neck Three-quarter,  regular sleeves Straight shape with regular style Calf length with straight hem Machine weave regular cotton Cotton Dry clean The model (height 5'8) is wearing a size S",2025-09-30,2025-10-02,2025-10-09,3561.0,delivered,8154160318
57,15669628.0,28,"Brown, rust red and black top Ajrakh hand block print Round neck, three-quarter, regular sleeves Woven cotton Disclaimer This unique fabric has been dyed/ printed using traditional dyeing processes. Some colours may initially transfer when in dry or wet contact with light coloured fabrics or upholstery. This transfer will reduce after a few washes but we recommend that you wash the product separately for the first few washes.Cotton Hand Wash Separately in cold water with mild/liquid detergents recommended. Do not bleach. Do not wring. Do not iron on embellishments. Iron on reverse. Dry in shadeThe model (height 5'8"") is wearing a size S",2025-10-16,2025-10-17,2025-10-19,1537.0,out for delivery,4467998125
58,15796648.0,22,"Pink and pink embroidered lehenga choli with dupatta,  mirror work Pink and pink embroidered unstitched blouse,  has a boat neck,  short sleeves,  pink and pink embroidered semi-stitched lehenga, has drawstring closure, flared hem Pink and pink embellished dupatta,  taping borderLehenga fabric: Georgette Blouse fabric: Georgette Dupatta fabric: Net Waist Belt: Georgette Lehenga lining fabric: Silk Dry-cleanCholi: Customizable upto 44 inches (1.12m) at the Bust Lehenga: Customizable upto 42 inches (1.06m) at the waist Lehenga length: 42 inches (1.06m) at the length Dupatta length: 2.25 m Dupatta width: 1m",2025-10-01,2025-10-02,2025-10-07,1003.0,ordered,7390868761
59,17738956.0,64,White and black printed basic jumpsuit Has a round neck Short sleeves 2 pockets Zip closure Polyester Wash Separately and Medium to High ironThe model (height 5'8) is wearing a size S,2025-09-22,2025-09-24,2025-09-28,1305.0,shipped,2842632171
60,18715960.0,8,"Pack of two printed tops White regular top Floral print Round neck, sleeveless, no sleeves Ruffles detail Knitted Red regular top Typography print Round neck, sleeveless, no sleeves Ruffles detail Knitted 100% Cotton Machine wash",2025-09-27,2025-09-30,2025-10-07,2707.0,packed,6552879425
61,13750110.0,35,"This clothing set consists of blouse, palazzos and shrug Pink and white printed blouse, has a round neck, sleeveless, and hook-and-eye closures at the back Pink embellished palazzos, has a slip-on closure, and an attached lining Pink solid longline shrug, has an open front, and long sleeves Comes with a tie-upThe model (height 5'8"") is wearing a size STop fabric: Poly Georgette Bottom fabric: Polyester Dupatta: Polyester Dry-clean",2025-09-22,2025-09-25,2025-09-30,1154.0,ordered,2919965801
62,15841450.0,15,"Beige and yellow regular shirt style top Floral print V-neck, long, regular sleeves Woven Button closure Polyester Machine-washThe model (height 5'8) is wearing a size S",2025-10-15,2025-10-17,2025-10-19,2143.0,shipped,2464515956
63,16396174.0,58,"Cropped jumper in a soft rib knit containing some wool with long, cuffed raglan sleeves. Slightly longer at the back. 41% Acrylic, 3% Elastane, 52% Polyester, 4% Wool Machine wash",2025-09-21,2025-09-22,2025-09-25,1930.0,shipped,9961688066
64,18774894.0,13,"Green and white embroidered unstitched dress material Green and white embroidered kurta fabric Green and white solid bottom fabric Green and white printed dupatta, has Disclaimer: Images are for referral purposes only. The actual product is unstitchedATop fabric length: Bottom fabric length: Dupatta length: 2 metres (approx)",2025-09-25,2025-09-26,2025-10-03,631.0,shipped,5015608461
65,15238208.0,13,Design Details Off white and red saree Geometric printed saree with printed border The saree comes with an unstitched blouse piece The blouse worn by the model might be for modelling purpose only. Check the image of the blouse piece to understand how the actual blouse piece looks like.Length: 5.5 metres plus 0.8 metre blouse piece Width: 1.06 metres (approx.)Saree fabric:  Silk Blend Blouse fabric:  Silk Blend Dry clean,2025-10-01,2025-10-04,2025-10-06,966.0,ordered,1550948134
66,12645324.0,70,"Brown and beige woven-design shawl, has frayed ends Dimensions: 2.03 m x 1.01 m (Length x Width) Wool Blend Dry Clean Only",2025-10-10,2025-10-11,2025-10-13,3105.0,packed,5582954871
67,18103220.0,1,"Blue and white printed lehenga choli with dupatta,  has leheriya technique and Blue and white printed ready to wear blouse,  has a round neck,  short sleeves,  blue and white printed ready to wear lehenga, has zip closure, flared hem Blue and white printed dupatta,  taping borderCotton Dry Clean Dupatta Length 1.80 m width 50cm",2025-09-21,2025-09-23,2025-09-25,3405.0,out for delivery,1361987992
68,12263892.0,59,"Design Details: Brown and White   printed saree The model is wearing a blouse from our stylist's collection, see the image for a mock-up of what the actual blouse would look like Pattern Details: Batik is an ancient art which uses wax and dyes to create patterns on fabrics. Originated in Indonesia, it involves three major stages of waxing, dyeing, and de-waxing.Saree fabric: poly georgette Blouse fabric: poly georgette Hand-washLength: 5.5 metres plus 0.8 metre blouse piece Width: 1.06 metres (approx)",2025-10-03,2025-10-06,2025-10-09,3441.0,ordered,7774266456
69,12824990.0,45,"Purple and golden floral embroidered lehenga choli with dupatta Purple and golden floral embroidered unstitched blouse piece Purple solid semi-stitched tiered net lehenga, has drawstring closure, attached cancan, flared hem Purple solid net dupatta, has taping borderLehenga length: 41 inches Waist: customisable up to 38 inch Lehenga flair: 4.5 metres Blouse length: 80 centimetres Dupatta length: 2.10 metresBlouse fabric: Silk Blend Lehenga fabric: Net Lehenga lining fabric: Cotton Dupatta fabric: Net Dry-clean",2025-09-30,2025-10-02,2025-10-05,3261.0,shipped,9647751099
70,12419038.0,45,"Navy Blue and Pink striped mid-rise regular shorts, has an elasticated waistband with slip-on closure and 2 pockets Comes with a fabric beltRegular Fit The model (height 5'8"") is wearing a size 28Material: Polyester Hand Wash",2025-10-10,2025-10-11,2025-10-13,3383.0,out for delivery,4325198894
71,15241812.0,41,"Pink and gold-toned printed lehenga choli with dupatta, Pink and gold-toned printed ready to wear blouse,  has a square neck,  sleeveless,  zip closure Pink and gold-toned printed ready to wear lehenga, has zip closure, flared hem Pink and gold-toned printed dupatta,  tassels borderBlouse fabric: Cotton Lehenga fabric: Cotton Dupatta fabric: Poly Chiffon The model (height 5'8) is wearing a size SThe model (height 5'8) is wearing a size S",2025-09-28,2025-10-01,2025-10-04,2424.0,shipped,1959906656
72,18283242.0,72,"Design Details Grey and gold-toned saree Solid saree with no border The saree does not come with a blouse piece The model is wearing a blouse for modelling purpose onlyLength: 5.5 metres plus 0.8 metre blouse piece Width: 1.06 metres (approx.) A textured chiffon with slight gold sheen. Handwash with delicate detergent, steam or medium heat iron.",2025-09-30,2025-10-01,2025-10-07,1944.0,out for delivery,5204461736
73,15756526.0,70,"Pink solid wrap mini-skirt, has a waistband with button closure, front flap pockets and asymmetrical hem 98% Cotton, 2% Lycra Machine wash Regular Fit The model (height 5'8"") is wearing a size 28",2025-10-19,2025-10-21,2025-10-23,4474.0,out for delivery,4603792066
74,15851590.0,4,"This clothing set consists of T-shirt and Shorts Grey melange and black printed T-shirt ,has raw hem, has a round neck, short sleeves Grey melange and black solid Shorts ,has a slip-on closure Cotton The model (height 5'8) is wearing a size S",2025-10-15,2025-10-16,2025-10-21,1622.0,ordered,9294682995
75,11659714.0,21,"A pair of Off-white solid knitted flared fit Palazzos, opaque, 2 pockets, and drawstring closureThe model (height 5'8"") is wearing a size 28Material: Viscose Rayon Hand Wash",2025-10-03,2025-10-05,2025-10-08,4507.0,packed,6547556155
76,15388226.0,41,"Colour: pink and green Floral printed Round neck Three-quarter,  regular sleeves Straight shape with regular style Calf length with high-low hem Machine weave regular viscose rayon Viscose rayon Hand wash The model (height 5'8) is wearing a size S",2025-10-17,2025-10-20,2025-10-22,667.0,shipped,9632664080
77,17094826.0,62,"Yellow regular top Floral print Round neck,  short,  cap sleeves Ruffles detail Knitted The model (height 5'8) is wearing a size S98% Poly 2% Spandex Follow the fabric care label. Warm machine wash is recommended. Can be tumble dried in a cool setting. Prevent static build-up by drying while damp. Use low heat to iron.",2025-10-05,2025-10-08,2025-10-14,4858.0,packed,6981506741
78,17177330.0,75,"Blue, yellow and green striped skort, has an elasticated waistband with slip-on closure, pleated detail Pure Cotton Machine wash",2025-09-23,2025-09-25,2025-09-28,4101.0,packed,8981896018
79,17171608.0,42,"A must-have wardrobe staple, this stylish playsuit is both smart and versatile. Tailored with a lovely self-design print and V-neck, this playsuit stands out beautifully. Pretty pink shade Chic self-design print V-neck Long sleeves Polyester, machine wash Trend Alert Playsuits flaunt sophisticated and charming details, like knots, flared sleeves, plunge necklines, etc. in beautiful pastel palettes. It includes attractive prints and patterns, such as checks, floral, nautical stripes, and Nu Boheme, which enhance your overall appeal.100% Poly Chiffon Machine Wash With Similar ColorsThe model (height 5'8) is wearing a size S",2025-10-02,2025-10-04,2025-10-09,1664.0,out for delivery,7462095498
80,16945138.0,33,"Transform the look of your outfit with these sophisticated trousers. To add to your appeal, these trousers include an ethnic motifs print and flared fit. Gorgeous red tone Beautiful ethnic motifs print Flared fit Regular length Polyester, machine wash Trend Alert Lending an artsy-boho vibe, indie prints are a contemporary twist to existing textiles and techniques. Crafted by independent artists and designers, indie prints blend ethnic motifs and patterns with a mix of bold and neutral hues to create a unique, chic look.Polyester, Machine WashFit: Flared The model (height 5'8) is wearing a size 28",2025-10-15,2025-10-18,2025-10-23,3523.0,out for delivery,3807037673
81,18549292.0,73,"Pink solid mid-rise yoga regular shorts,  has 2 pockets, drawstring closure engineered with rapid-dry technologyPolyester , Cotton Machine washRegular Fit The model (height 5'8) is wearing a size 28",2025-10-18,2025-10-20,2025-10-26,4251.0,ordered,6137319173
82,18867080.0,80,"Green regular maxi top Self design print Round neck,  long,  regular sleeves Woven Polyester<>Machine Wash The model (height 5'8) is wearing a size S",2025-10-12,2025-10-13,2025-10-19,4127.0,shipped,7928378374
83,14987406.0,16,"White & blue regular top Conversational Printed Shoulder straps, sleeveless, tie up closure Woven The model (height 5'8) is wearing a size SCotton Hand wash",2025-09-29,2025-09-30,2025-10-06,2243.0,delivered,4240851786
84,16183102.0,30,"Burgundy & beige colourblocked open-front shrug, sleeveless, asymmetric hem 100% Acrylic",2025-09-26,2025-09-29,2025-10-06,876.0,delivered,1799241054
85,15132474.0,66,"Red & Golden maxi skirt with Zari border, has a zip and drawstring closure, has a linning and flared hem100% Polyester Machine WashableThe model (height 5'8"") is wearing a free size",2025-09-21,2025-09-24,2025-09-26,1131.0,shipped,1653570857
86,8715139.0,52,"Olive Green solid woven A-line top, has a round neck, three-quarter sleeves, button closure, has embroidered detailPolyester Machine-washRegular Fit The model (height 5'8"") is wearing a size S",2025-09-26,2025-09-27,2025-09-30,4364.0,out for delivery,6200772340
87,16286232.0,14,"Green woven design non-padded saree blouse, has round neck, short sleeves , and hook and eye closure at the frontThe model (height 5'8"") is wearing a size S100% Brocade Dry Clean",2025-10-10,2025-10-13,2025-10-15,1913.0,out for delivery,3427190644
88,19074790.0,23,"This co-ord set consists of Top and Palazzos Green and pink printed Top ,has a round neck, three-quarter sleeves Green and pink printed Palazzos ,has a slip-on closureViscose rayon Hand WashThe model (height 5'8) is wearing a size S",2025-09-26,2025-09-27,2025-09-29,3850.0,delivered,4582721482
89,14929672.0,58,"Pink woven cargos Regular fit Mid-rise Length:  cropped Pattern: solid Flat-front, with no pleats design Feature:  plain 4 pockets Cotton Machine wash Fit: Regular Fit The model (height 5'8) is wearing a size 28",2025-09-25,2025-09-26,2025-09-30,4097.0,shipped,8300643295
90,13919062.0,62,"Designed aesthetically, this saree is sure to elevate your style quotient. Designed with a solid pattern and lovely sequinned design, it is made from poly-crepe fabric to add to the elegance. Deep maroon solid saree Stylish solid pattern Poly-crepe blouse piece Poly-crepe, dry clean The saree comes with an unstitched blouse piece The blouse worn by the model could be for modelling purpose only, please check the image of the actual blouse piece Trend Alert Ruffles and flounces originated in 15th century Germany and they still make a strong fashion statement with their frilly designs. Right from free-flowing frills and dramatic flounces to structured ruffles, this trend lends any ensemble a chic touch, a dash of flair, and an elegant air.Length: 5.5 metres plus 0.8 metre blouse piece Width: 1.06 metres (approx.)Saree fabric:  Poly Crepe Blouse fabric:  Poly Crepe Dry clean",2025-09-25,2025-09-26,2025-09-28,3117.0,ordered,8974162217
91,18620404.0,49,"Light shade,  light fade blue jeans Skinny fit,  high-rise Clean look Non stretchable 5 pocket Length: cropped Fit: Skinny Fit Non Stretchable The model (height 5'8) is wearing a size 28 Machine wash",2025-09-26,2025-09-27,2025-10-03,4141.0,packed,4428873587
92,18416332.0,65,"Both smart and stylish, these mod trousers are a perfect go-to for a casual evening out. Enhance your look with these conversational print trousers that come with an alluring high-rise waist. Black shade Attractive conversational print High-rise waist Loose fit Polyester, machine wash Trend Alert Perfect for an off-duty look, vacay attires include interesting details, such as tiering, ballooning, oversized, smocking, and robe-like silhouettes. They are designed in charming prints, like horticool, floral, Nu Boheme, Hometime Heroes, and so on.Polyester Machine WashBrand Fit: Relaxed Fit: Loose Fit Size worn by the model: 28 Waist: 28"" Hips: 38"" Height: 5'8""",2025-10-19,2025-10-21,2025-10-25,4342.0,ordered,6922457919
93,13489602.0,37,"Black and Red self-design mid-rise Cropped Cigarettetrousers, concelaed zip and button closureMaterial: Cotton Hand WashSmart Slim Fit The model (height 5'8"") is wearing a size 28",2025-09-27,2025-09-30,2025-10-03,2778.0,out for delivery,4162079444
94,16043950.0,57,"Black printed sweatshirt has a hooded,  long sleeves,  closure, straight hemThe model (height 5'8) is wearing a size S60% Cotton,40% Polyester Machine Wash",2025-10-06,2025-10-07,2025-10-12,980.0,out for delivery,7817068149
95,15844208.0,52,"White, mustard yellow and green striped longline cardigan ,has a shawl collar, long sleeves, straight hemPolyester Dry-CleanThe model (height 5'8) is wearing a size S",2025-09-23,2025-09-26,2025-10-02,3103.0,packed,9214387175
96,11105132.0,77,"Navy Blue solid jacket, has a stand collar, 2 pockets, button closure, long sleeves, straight hem, and unlinedMaterial: 98% Cotton and 2 % Elastane Machine WashThe model (height 5'8"") is wearing a size S",2025-10-11,2025-10-13,2025-10-19,2264.0,out for delivery,5248127572
97,15136108.0,28,"Beige solid mid-rise sports shorts, has elasticated waistband with slip on closure95% viscose, 5% elastane Regular machine wash",2025-09-23,2025-09-26,2025-10-01,3278.0,shipped,4712597569
98,17929568.0,57,"Light shade,  light fade blue jeans Tapered fit,  high-rise Clean look Non stretchable 2 pocket Length: regular Fit: Tapered Fit Non Stretchable The model (height 5'8) is wearing a size 2870% Cotton 30% Polyester, Normal Wash Machine Wash",2025-10-18,2025-10-20,2025-10-27,1215.0,shipped,7085479816
99,15918540.0,18,Brown woven trousers Straight fit High-rise Length:  three-fourth length Pattern: solid Pleated design Feature:  plain 2 pockets 100% Cotton Machine WashFit: Straight Fit The model (height 5'8) is wearing a size 28,2025-09-23,2025-09-25,2025-09-28,3427.0,shipped,2023529526
100,15876464.0,32,"Blue woven trousers Tapered fit Mid-rise Length: cropped Pattern: ikat printed Flat-front, with no pleats design Feature: plain 2 pockets Fit: Tapered Fit The model (height 5'8) is wearing a size 28Cotton Hand wash separately in cold water with mild/liquid detergents recommended Do not bleach Do not wring Do not iron on embellishments Iron on reverse. Dry in shade",2025-10-11,2025-10-14,2025-10-18,4150.0,out for delivery,1010138962
101,15107870.0,9,"Blue regular a-line top Ethnic motifs print Round neck,  short,  regular sleeves Woven crepe Button closure The model (height 5'8) is wearing a size SPolyester Machine wash",2025-10-12,2025-10-14,2025-10-19,2984.0,packed,4794253701
102,19127106.0,12,"Brown self design pullover ,has a turtle neck,  long sleeves,  ribbed hemThe model (height 5'8) is wearing a size SAcrylic Machine Wash",2025-09-29,2025-09-30,2025-10-07,526.0,shipped,3673307762
103,14016110.0,69,Orange aari embroidered DupattaLength: 2.5 m Width: 38 cmMaterial: Net Hand Wash,2025-10-03,2025-10-05,2025-10-08,2140.0,ordered,6337298667
104,15921728.0,21,"Maroon and white regular a-line top Floral embroidered V-neck,  three-quarter,  flared sleeve sleeves Embroidered detail Woven Button closure Material: Viscose Rayon; Machine WashThe model (height 5'8) is wearing a size S",2025-10-04,2025-10-07,2025-10-13,721.0,ordered,5142030242
105,19274798.0,50,"Fuchsia pink solid tiered mini skirt,  has an elasticated waistband with slip-on closure and flared hem Regular Fit Polyester Hand Wash Machine Wash",2025-10-06,2025-10-07,2025-10-13,4000.0,delivered,9206182305
106,17910868.0,19,"Navy blue and gold-toned woven design lehenga choli with dupatta,  zari Navy blue and gold-toned woven design unstitched blouse,  sleeveless,  navy blue and gold-toned woven design ready to wear lehenga, has drawstring closure, flared hem Navy blue and gold-toned solid dupatta,  taping borderThe model ( 5'7 ) is wearing onesize Dupatta length : 2.2 m Dupatta Width: 0.9 mBlouse fabric: Art Silk Lehenga fabric: Art Silk Lehenga lining fabric: Cotton Dupatta fabric: Net Dry clean",2025-10-17,2025-10-18,2025-10-24,2202.0,out for delivery,9314753485
107,16713198.0,6,"Embrace yourself with a beautiful smile and an enchanting outfit like this kurta set. This set comprises beautiful three-quarter regular sleeves and matching calf length for a cosy feel. Kurta: Beautiful grey tone Gorgeous tie-up neck Three-quarter regular sleeves Calf length Trend Alert Often accentuated with contrast-coloured finishes comprising sequins, thread or metallic embroidery, scalloped edges are beautiful details that can be placed on sleeves, hemlines, shoulder straps, etc. to enhance the ensemble. They can be featured on floral, embellished, polka dots, embroidered, and other prints and patterns to lend a classy look. Machine Wash The model (height 5'8) is wearing a size S",2025-09-29,2025-10-02,2025-10-07,1523.0,packed,6514826974
108,15363982.0,11,Design Details Off white kasavu saree Ethnic motifs printed saree with solid border The saree comes with an unstitched blouse piece The blouse worn by the model might be for modelling purpose only. Check the image of the blouse piece to understand how the actual blouse piece looks like.Saree fabric:  Pure Cotton Blouse fabric:  Pure Cotton Dry cleanLength: 5.5 metres plus 0.8 metre blouse piece Width: 1.06 metres (approx.),2025-10-12,2025-10-14,2025-10-19,3173.0,out for delivery,5587363137
109,15878996.0,65,"Olive green printed sweatshirt has a round neck,  long sleeves,  closure, ribbed hemThe model (height 5'8) is wearing a size S100 %cotton Machine wash",2025-10-07,2025-10-08,2025-10-13,2451.0,shipped,4538705877
110,18381486.0,68,"Green woven trousers Regular fit Brand Fit: comfort Mid-rise Length:  cropped Pattern: camouflage printed Flat-front, with no pleats design Feature:  plain 4 pockets Brand Fit: Comfort Fit: Regular Fit The model (height 5'8) is wearing a size 28 Machine Wash",2025-10-17,2025-10-18,2025-10-25,4874.0,packed,3532142839
111,10428818.0,4,"A pair of Off-white solid woven wide leg fit Palazzos, opaque, 2 pockets, and slip-on closureThe model (height 5'8"") is wearing a size 28Viscose Rayon Hand-wash",2025-10-01,2025-10-03,2025-10-07,996.0,packed,6231688927
112,14280624.0,68,"The HRX Women's Athleisure Sweatshirt is uber comfortable and pairs well with just about everything in your wardrobe. The Rapid Dry and Anti Microbial technology fights sweat and body odor while the colourblock design detail makes a sporty style statement. Features Athleisure sweatshirt Rapid Dry Technology wicks sweat & makes the fabric dry fast. Anti-Microbial technology keeps odor-causing microbes away. Pullover Neck: Round Neck Design Specifics: Colourblock Color: Medieval Blue Sleeve: Full Sleeves Length: Regular length Fit: Regular fit The model (height 5'8"") is wearing a size MFabric: 100% Polyester Machine Wash",2025-10-07,2025-10-08,2025-10-13,1371.0,shipped,4007939107
113,13350342.0,43,"This clothing set consists of top and skirt White embellished top, has a off-shoulder, three-quarter sleeves, and tei-up detailing White solid skirt, has a button closureTop fabric: 100% cotton Bottom fabric: 100% cotton Hand-washThe model (height 5'8"") is wearing a size S",2025-10-02,2025-10-05,2025-10-12,2262.0,packed,9299604260
114,15808492.0,76,"Fulfill your summer fantasy with this chic jumpsuit. You're sure to look smart in this jumpsuit, which sports a round neck and sleeveless design. Charming maroon colour Classic solid pattern Round neck Sleeveless Polyester, machine wash Trend Alert Bling and sparkly refer to clothing or accessories crafted from metal or bedecked with glittering sequins, precious or semi-precious stones, and other flashy embellishments. Flaunt any item with bling to add a touch of glam to your ensemble.The model (height 5'8) is wearing a size S96% Polyester, 4% Elastane Hand Wash",2025-09-30,2025-10-02,2025-10-07,1219.0,out for delivery,9201806989
115,15836916.0,49,"Green washed tailored jacket with faux fur trim, has a spread collar, 2 pockets ,has a button closure, three-quarter sleeves, straight hemline, cotton lining Material: Polyester; Machine Wash The model (height 5'8) is wearing a size S",2025-09-29,2025-09-30,2025-10-06,3194.0,shipped,4363733078
116,13791800.0,14,"Colour: magenta crop regular top Printed Woven Round neck Sleeveless , no sleeves sleeves Trend story New basics Fashion trends come and go, but a few manage to break the cycle and earn wardrobe-essential status. A basic, if you will. New Basics resurface year after year, and outfits wouldnt be the same without them. These pieces are tried-and-true wardrobe staples and act as the foundation to every good look. Fabric Story Polyester : Polyester is the ?wonder fiber? of the 20th century, and makes for comfy durable garments with excellent elasticity. It?s resistance to water-based stains and quick drying properties make it ideal for outdoor clothing. Care For Me: Follow the fabric care label. warm machine wash is recommended.can be tumble dried in a cool setting.prevent static build-up by drying while damp. use low heat to iron.The model (height 5'8) is wearing a size SPolyester , Machine wash",2025-10-05,2025-10-08,2025-10-14,1395.0,packed,4648539292
117,18637088.0,60,"Pink and white checked mini skirt, pleated flared hem, zip closure100% Cotton Machine Wash dark colour separately do not bleach warm iron if neededRegular fit The model (height 5'8'') is wearing size 28",2025-10-19,2025-10-21,2025-10-24,4836.0,shipped,7618406995
118,18977844.0,39,"Lavender-colored and black striped pencil knee-length skirt, has an elasticated waistband with slip-on closure, and a curved hem Polyester Machine-wash The model (height 5'8"") is wearing size 30",2025-09-22,2025-09-23,2025-09-29,1254.0,out for delivery,4859754673
119,13845606.0,27,"Red and off-white printed straight kurti, has a round neck, three-quarter sleeves, side slits, and a high-low hem100% Cotton Hand-washThe model (height 5'8"") is wearing a size S",2025-10-11,2025-10-14,2025-10-19,4673.0,ordered,4495070188
120,16389134.0,5,"Green and pink floral printed playsuit with waist tie-ups ,has a v-neck, long sleevesPolyester Machine WashThe model (height 5'8) is wearing a size S",2025-10-17,2025-10-20,2025-10-26,2928.0,packed,5765956037
121,19322068.0,30,"Dark shade,  no fade black jeans Slim fit,  high-rise Brand Fit: smart Clean look Stretchable 2 pocket Length: cropped Brand Fit: Smart Fit: Slim Fit Stretchable The model (height 5'8) is wearing a size 28 Hand wash or machine wash in cold water & mild detergent. Do not bleach. Do not tumble dry, line dry in shade. Wash dark colors seperately. Use iron on a low setting.",2025-10-03,2025-10-04,2025-10-10,2416.0,ordered,4137651820
122,17787820.0,35,"Pink solid a-line flared mini skirt, has gathers and pleats all over, partially elasticated waistband with slip-on and zip closure100% Polyester Machine-wash",2025-10-01,2025-10-04,2025-10-06,2606.0,ordered,8143688994
123,13955684.0,68,"Cream-color, blue and yellow printed flared maxi skirt, has a waistband with drawstring, and flared hem Viscose Rayon Hand Wash The model (height 5'7"", chest 34"" and waist 28"") is wearing a size 30",2025-09-27,2025-09-30,2025-10-03,556.0,shipped,6499678001
124,12774588.0,25,"Green and Pink ethnic motifs print knitted panelled A-line top, has a round neck, three-quarter sleeves, and button closureMaterial: Pure Cotton Machine WashRegular Fit The model (height 5'8"") is wearing a size S",2025-09-21,2025-09-22,2025-09-24,1523.0,shipped,2030618168
125,13646388.0,80,"Off-white and black printed flared maxi skirt, has a partially elasticated waistband with zip and hook and bar closure, flared hem and attached lining The model (height 5'8'') is wearing a size 28 Fabric Name: 60's Cambric Fabric Composition: 100% Cotton Care Instructions: Hand-Wash",2025-09-26,2025-09-27,2025-10-03,2738.0,delivered,4168589392
126,17003536.0,21,"A sure-fire way to infuse some glamour into your life, this top is a great pick. It is designed with a solid pattern and a keyhole neck to enhance your overall look. Black colour Classic solid pattern Keyhole neck Long regular sleeves Polyester, machine wash 95% Polyester , 5% Spendex Machine washThe model (height 5'8) is wearing a size S",2025-09-27,2025-09-28,2025-10-02,1604.0,shipped,4174041099
127,18243004.0,41,"This Co-Ord Set consists of Top and Trousers Charcoal Grey and maroon printed Top,has a round neck, short sleeves Maroon printed Trousers ,has a slip-on closureTop fabric: Pure Cotton Bottom fabric: Pure Cotton Machine wash Size worn by the model: S Chest: 31"" Waist: 24"" Hips: 38"" Height: 5'8""",2025-09-25,2025-09-27,2025-10-03,4973.0,delivered,6241109406
128,16158684.0,59,"Green solid reversible padded jacket  with faux fur trim,  has a hooded,  2  pockets ,has a zip closure, long sleeves,  straight  hemline, polycotton  liningThe model (height 5'8) is wearing a size S100% Polyester machine wash",2025-09-29,2025-09-30,2025-10-05,3735.0,out for delivery,1433207042
129,17069286.0,8,"Grey embroidered lehenga choli with dupatta,  sequinned Grey embroidered unstitched blouse,  has a round neck,  sleeveless,  grey embroidered unstitched lehenga, has drawstring closure, flared hem Grey embellished dupatta,  taping border Lehenga Length : 41 inches, Lehenga Flare : 2.2 mtr, Dupatta Length : 2.3 mtr Lehenga Fabric: Net Blouse Fabric: Net Dupatta Fabric: Net Dry Clean",2025-10-05,2025-10-06,2025-10-11,3272.0,packed,4724301478
130,15406002.0,35,Navy blue and peach floral printed  maxi-length flared skirt has elasticated waistband with drawstring closure and flared hem The model is wearing a size 30 Viscose rayon Hand Wash,2025-10-09,2025-10-10,2025-10-16,2234.0,packed,1335284773
131,16774866.0,35,Grey knitted Peg trouser Slim fit Brand Fit: comfort High-rise Length: cropped Pattern: textured self-design Feature: plain 4 pockets Comes with a belt Brand Fit: Comfort Fit: Slim Fit The model (height 5'8) is wearing a size 2850% Rayon + 45% Nylon + 5% Spandex Follow the washcare label on garment. Use cold water with mild detergents when handwashing or opt for delicate setting when machine washing Always wash inside-out to preserve colour Never wring or tumble dry. Dry flat on a towel or hang on coat hangers Iron on the reverse side with medium heat,2025-09-27,2025-09-30,2025-10-05,2946.0,out for delivery,1098380973
132,15274292.0,15,"Rust orange woven parallel trousers Maternity Regular fit High-rise Length: regular Pattern: solid with slub effect Flat-front, with no pleats design Feature: Elasticated waistband Stretchable 2 pockets Composition: 55% polyamide, 45% viscose Machine washFit: Regular Fit The model (height 5'8) is wearing a size 28",2025-10-17,2025-10-19,2025-10-26,4598.0,ordered,7159090944
133,13710110.0,67,"Colour: white regular Top checked woven round neck three-quarter sleeves embroidered Fabric Story Pure cotton : The go-to Cotton needs no introduction. Its a cooler, softer, natural fabric that breathes. Most fabrics are pre-shrunk, which makes them highly durable. Easy to handle and care, is comfortable year-round.pure cotton , machine washThe model (height 5'8) is wearing a size S",2025-10-01,2025-10-02,2025-10-08,3046.0,delivered,9214349279
134,14319280.0,64,"Black printed two-piece, has a off-shoulder, short sleevesMaterial: Polyester Machine WashThe model (height 5'8'') is wearing a size S",2025-10-19,2025-10-22,2025-10-29,3828.0,delivered,5044741463
135,16709776.0,10,"Black knitted bootcut Straight fit Brand Fit: relaxed High-rise Length: regular Pattern: solid Flat-front, with no pleats design Feature: plain Brand Fit: Relaxed Fit: Straight Fit The model (height 5'8) is wearing a size 28100 % Polyester Machine wash",2025-09-25,2025-09-27,2025-10-04,2268.0,delivered,4880473019
136,18671926.0,67,"Turquoise blue and gold-toned semi-stitched dress material Turquoise blue and gold-toned kurta fabric Turquoise blue and gold-toned embroidered bottom fabric Turquoise blue and gold-toned embroidered dupatta, has Disclaimer: Images are for referral purposes only. The actual product is semi-stitched Hand Wash And Dry Clean Top fabric length: Bottom fabric length: Dupatta length: 2 metres (approx)",2025-10-09,2025-10-12,2025-10-16,3806.0,delivered,7985726755
137,16535026.0,40,"Magenta and gold-toned ethnic motifs woven design dupatta,  tasselled border Banarasi Silk Length: Width:",2025-10-14,2025-10-16,2025-10-23,1445.0,out for delivery,5689293799
138,18969452.0,80,"Medium shade,  light fade grey jeans Slim fit,  mid-rise Brand Fit: comfort Mildly distressed Stretchable 5 pocket Length: cropped Brand Fit: Comfort Fit: Slim Fit Stretchable The model (height 5'8) is wearing a size 28 98% Cotton & 2% Lycra Machine wash, do not bleach, dry in shade, wash with similar colors",2025-10-05,2025-10-06,2025-10-11,4438.0,packed,6236730477
139,11581448.0,69,"Pink and green heart print playsuit with waist tie-ups, has a round neck, short sleeves, button closure and two pocketsThe model (height 5'8'') is wearing a size SMaterial: Cotton Blend Machine Wash",2025-10-17,2025-10-18,2025-10-22,1462.0,shipped,1339882440
140,18034350.0,75,"Olive green solid woven mini pencil skirt, has a waistband with zip closure with ring detail and straight hem Size worn by the model: UK-10 Waist: 24"" Hips: 34"" Height: 5'5'' Main: 100% Polyurethane Back: 95% polyester, 5% elastanem Machine wash",2025-09-20,2025-09-21,2025-09-27,949.0,packed,3252035134
141,19240174.0,45,"Colour: green Striped woven design Boat neck Long,  regular sleeves A-line shape with pleated style Sequinned detail Calf length with straight hem Knitted regular viscose rayon Hand Wash The model (height 5'8) is wearing a size S",2025-09-21,2025-09-24,2025-09-30,1444.0,shipped,9730051507
142,13676002.0,65,"Maroon printed Dupatta, has foil print technique, and has a printed borderMaterial: Cotton Silk Hand WashLength:  2.36 m Width: 1.04 m",2025-10-04,2025-10-07,2025-10-11,4301.0,packed,6581725624
143,15633514.0,1,"Khaki solid longline pullover, has a square neck, long cold-shoulder sleeves, ribbed hemThe model (height 5'8"") is wearing a size MPolyester Dry clean",2025-10-13,2025-10-16,2025-10-19,3741.0,packed,2429803390
144,1543826.0,30,"Maroon lace knitted regular fit top, has a round neck, short sleevesCotton Hand-washThe model (height 5'8'') is wearing a size XS",2025-10-09,2025-10-10,2025-10-12,2530.0,delivered,4687934743
145,16212020.0,36,"Medium shade, heavy fade blue jeans Skinny fit, mid-rise Low distress Stretchable 5 pocket Length: regular 82% Cotton, 17% Polyester, 1% Spandex Machine washFit: Skinny Fit Size worn by the model: 28 Waist: 24"" Hips: 35"" Height: 5'9""",2025-10-07,2025-10-09,2025-10-15,3703.0,delivered,1587187883
146,17469612.0,13,"Colour: maroon Floral embroidered Boat neck Three-quarter,  regular sleeves Straight shape with high slit style Calf length with straight hem Knitted and woven regular viscose rayon RAYON Machine washThe model (height 5'8) is wearing a size S",2025-09-22,2025-09-25,2025-09-27,4715.0,shipped,6164973280
147,14147982.0,16,"This clothing set consists of top and trousers Black solid top, has a V-neck, three-quarter sleeves Black solid trousers, has a slip-on closureTop fabric: Pure Cotton Bottom fabric: Pure Cotton Hand-washThe model (height 5'8"") is wearing a size 3XL",2025-09-28,2025-09-30,2025-10-07,4659.0,packed,1089232747
148,16835166.0,22,"Medium shade,  no fade grey jeans Wide leg,  mid-rise Clean look Stretchable 5 pocket Length: regular Comes with a belt Fit: Wide Leg Stretchable The model (height 5'8) is wearing a size 2899% Cotton , 1% Elastane Machine wash",2025-09-23,2025-09-25,2025-09-30,1032.0,shipped,1752224343
149,19254768.0,19,"Pink striped woven design dupatta zari,  fringed border Hand Wash Length : 2.4 Mtr Width : 90 Cms",2025-10-12,2025-10-15,2025-10-17,2418.0,ordered,5546298652
150,17876884.0,77,Design Details Navy blue banarasi saree Ethnic motifs woven design saree with woven design border Has zari detail The saree comes with an unstitched blouse piece The blouse worn by the model might be for modelling purpose only. Check the image of the blouse piece to understand how the actual blouse piece looks like.Saree fabric: Pure silk Blouse fabric: Pure silk Dry cleanLength: 5.5 metres plus 0.8 metre blouse piece Width: 1.06 metres (approx.),2025-10-09,2025-10-11,2025-10-14,2717.0,ordered,9073038360
151,19190926.0,67,"This co-ord set consists of a top and a trouser off-white solid top, has a round neck, sleeveless and slip-on closure Black solid trouser, has a partially elasticated waistband with slip-on closure and slits at the bottom 100% Organic Cotton Machine Wash The model (height 5'8"") is wearing a size XL",2025-09-23,2025-09-26,2025-09-28,4317.0,shipped,9153786352
152,13697626.0,67,Colour: yellow regular top dobby Self design Woven cotton Round neck Short sleeves Gathered or pleated pure cotton hand washThe model (height 5'8) is wearing a size S,2025-09-22,2025-09-24,2025-09-28,1145.0,shipped,9882516982
153,18579616.0,53,Design Details Blue and white kota saree Ethnic motifs printed saree with zari border Has zari detail The saree comes with an unstitched blouse piece The blouse worn by the model might be for modelling purpose only. Check the image of the blouse piece to understand how the actual blouse piece looks like.Length: 5.5 metres plus 0.8 metre blouse piece Width: 1.06 metres (approx.)Saree & Bloues Fabric : Poly Cotton Care: Machine wash or Hand Wash,2025-10-14,2025-10-15,2025-10-20,2055.0,out for delivery,9885024691
154,16024712.0,24,"Suta Purple White Leheriya Saree. This saree is made by Suta Pvt. Ltd. It is made from Cotton Blend and finished in Purple Colour Pattern: LeheriyaCotton Blend 1. Hand wash separately in cold water and salt 2. Don't soak it in water for more than 5 minutes 3. Medium ironLength=5.5 Meters, Width= 1.2 Meters",2025-10-06,2025-10-07,2025-10-09,716.0,delivered,9518292089
155,15098958.0,34,"Red printed Kurta with Trousers & dupatta Kurta design: Bandhani printed A-line shape Regular style Round neck, three-quarter regular sleeves Calf length with straight hem Silk blend machine weave fabric Trousers design: Printed Trousers Partially elasticated waistband 1 pockets Drawstring closure Dupatta Design: Bandhani Printed Taped border The model (height 5'8) is wearing a size STop fabric:  Silk Blend Bottom fabric:  Silk Blend Dupatta fabric:  Art Silk Dry clean",2025-09-21,2025-09-22,2025-09-26,3465.0,delivered,1271846152
156,18446902.0,78,Women Blue Tie Dye Printed T-Shirt & JoggersMaterial & Care: 100% Cotton Machine wash.,2025-09-26,2025-09-29,2025-10-03,3020.0,packed,2286315554
157,16499970.0,32,"Blue solid sweatshirt has a hooded,  2 insert pocket pockets, long sleeves,  closure, ribbed hem Size worn by the model: S Chest: 33"" Height: 5'10"" Cotton Machine wash",2025-09-21,2025-09-22,2025-09-25,711.0,delivered,1483606685
158,17411538.0,68,Red woven parallel Flared High-rise Length:  cropped Pattern: solid self design Pleated design Feature:  plain 4 pockets Cotton Machine wash Fit: Flared The model (height 5'8) is wearing a size 28,2025-10-01,2025-10-02,2025-10-04,932.0,packed,2134311547
159,16215632.0,41,"Peach-coloured, beige and gold foil printed Kurta with Sharara with dupatta Kurta design: Floral foil printed Anarkali shape Pleated style Shoulder straps Zari detail Above knee length with flared hem Art silk machine weave fabric Sharara design: Foil printed Sharara Elasticated waistband Slip-on closure Dupatta design: Gotta patti striped dupatta Has taselled border Dupatta length: 2 m Dupatta width: 0.5 m The model (height 5'8) is wearing a size STop fabric: Art silk Bottom fabric: Art silk Dupatta fabric: Tissue Dry Clean",2025-09-27,2025-09-30,2025-10-04,1788.0,packed,3191567918
160,16614230.0,80,Grey yoke design Kurta with Sharara with dupatta Kurta design: Mirror work on yoke A-line shape Layered style Round neck Sleeveless Above knee length with flared hem Poly georgette machine weave fabric An attached lining Sharara design: Solid Sharara Partially elasticated waistband Slip-on closure An attached lining Dupatta design: Embroidered detail dupatta Kurta fabric: Poly Georgette Bottom fabric: Poly Georgette Dupatta fabric: Poly Georgette Dry-CleanThe model (height 5'8) is wearing a size S,2025-10-11,2025-10-13,2025-10-18,4852.0,ordered,1782906715
161,11089688.0,42,"Rust orange solid waterfall regular shrug, has three-quarter sleeves, asymmetric hemThe model (height 5'8'') is wearing a size SMaterial: Polyester Hand Wash",2025-10-15,2025-10-16,2025-10-18,3524.0,delivered,4960563001
162,16896084.0,48,Pack Of 2 flared ethnic palazzos Navy blue and turquoise blue woven palazzos Ethnic motifs embroidered Sheer with half lining Flared fit Elasticated waistband Length: regular Woven viscose rayon fabric Flared fit The model (height 5'8) is wearing a size SRayon Machine Wash,2025-09-21,2025-09-22,2025-09-25,3347.0,out for delivery,2233334922
163,13596472.0,10,"Off-White and green printed kurta with palazzos Off-White and green straight calf length kurta, has a round neck, three-quarter sleeves, straight hem, side slits Off-White and green  Printed palazzos, has elasticated waistband, drawstring closureTop fabric: Pure Cotton Bottom fabric: Pure Cotton Hand-washThe model (height 5'8"") is wearing a size S",2025-09-24,2025-09-25,2025-09-30,3986.0,packed,6354884569
164,7161750.0,29,"Off-White solid mid-rise trousers, has a hook and bar closure, one pocketViscose Rayon Hand-washRegular Fit The model (height 5'8"") is wearing a size 28",2025-10-09,2025-10-10,2025-10-16,1023.0,shipped,1715847345
165,18770032.0,32,"Black knitted trousers Regular fit High-rise Length:  regular Pattern: solid Flat-front, with no pleats design Feature:  plain 100% Polyester Machine wash Fit: Regular Fit The model (height 5'8) is wearing a size 28",2025-09-22,2025-09-24,2025-09-26,3102.0,out for delivery,3974785405
166,19110268.0,49,"Pink solid basic jumpsuit with waist tie-ups ,has a mandarin collar,  short sleeves,  2 pockets( Cotton Twill ) Hand WashThe model (height 5'8) is wearing a size S",2025-09-29,2025-10-01,2025-10-06,729.0,out for delivery,8865750216
167,14905990.0,53,Design Details Taupe and red saree Floral printed saree with zari border Has zari detail The saree comes with an unstitched blouse piece The blouse worn by the model might be for modelling purpose only. Check the image of the blouse piece to understand how the actual blouse piece looks like.Length: 5.5 metres plus 0.8 metre blouse piece Width: 1.11 metresSaree fabric:  Organza Blouse fabric:  Satin Hand wash,2025-09-22,2025-09-24,2025-10-01,885.0,out for delivery,1042778781
168,15768882.0,61,"Black solid insulator parka  with faux fur trim,  has a hooded,  3  pockets ,has a zip closure, long sleeves,  curved  hemline, polyester  liningOuter shell: Polyester Lining fabric: Polyester Machine washThe model (height 5'8) is wearing a size S",2025-10-08,2025-10-11,2025-10-17,4173.0,ordered,8201066651
169,16989998.0,58,"Look casual yet chic in these trendy jeans. Designed with a relaxed fit and high-rise waist, these jeans are a good choice. Enchanting fuchsia shade Relaxed fit High-rise waist Cropped length Distressed Trend Alert Distress or distressed denim is a style of clothing that is given a deliberate, worn-out look through manufacturing processes. It could have cuts, cut-outs, or a scraped finish to give it a raw and broken-in appearance.Cotton Machine wash Fit: Relaxed Fit Non Stretchable The model (height 5'8) is wearing a size 28",2025-10-01,2025-10-03,2025-10-06,629.0,ordered,4773842421
170,15395382.0,28,"Maroon self design open front longline shrug ,has long sleeves,  straight hem Upgrade your winterwear wardrobe with theis warm and cozy shrug from Mafadeny.The model (height 5'8) is wearing a size S83% Viscose, 15% Nylon, 2% Elastane Hand wash",2025-10-18,2025-10-20,2025-10-23,4215.0,delivered,6631721483
171,16291288.0,45,"Pink lehenga choli, has block print technique and zari Green and yellow printed unstitched blouse, has a v-neck, long sleeves, pink and green printed semi-stitched lehenga, has drawstring closure, flared hemLehenga fabric: Poly Silk Blouse fabric: Poly Silk Lehenga Lining Fabric: Satin Dry Clean4 mtr Flair 1 mtr Blouse",2025-10-10,2025-10-11,2025-10-18,585.0,delivered,7591469114
172,17932190.0,40,"Black and red embellished lehenga choli with dupatta, sequinned Black and red embellished unstitched blouse Black and red embellished semi-stitched lehenga, flared hem Black and red embellished dupatta, solid borderBlouse fabric: Poly georgette Lehenga fabric: Poly georgette Dupatta fabric: Poly chiffon Dry clean OnlyLehenga Length: 1.06 m Lehenga Flare: 3.0 m ( with Can-Can) Blouse Length: 80 cm Dupatta Length: 2.10 m",2025-10-18,2025-10-21,2025-10-27,3244.0,out for delivery,6914651071
173,16050076.0,66,"Brown printed sweatshirt has a round neck,  na pockets, long sleeves,  closure, straight hem Machine Wash The model (height 5'8) is wearing a size S",2025-10-02,2025-10-04,2025-10-08,893.0,ordered,9528669912
174,19298192.0,13,Pink floral printed flared mini skirt have inner elasticated waist band with drawstring closure & detailed with Accordion pleats. Polyester Hand Wash,2025-10-04,2025-10-05,2025-10-11,4801.0,out for delivery,9163820792
175,6630426.0,40,"Green printed straight kurta, has a round neck, three-quarter sleeves, straight hem, side slitsThe model (height 5'8"") is wearing a size S100% viscose Rayon Machine-wash",2025-10-07,2025-10-10,2025-10-15,2776.0,packed,4819286292
176,16113918.0,68,"Red and yellow printed lehenga choli with dupatta,  zari Red and yellow printed ready to wear blouse,  has a round neck,  short sleeves,  button closure Red and yellow printed ready to wear lehenga, has slip-on closure, flared hem Red and yellow solid dupatta,  taping border Dupatta Size:30x14 cm Cotton Dry Clean Only",2025-09-21,2025-09-23,2025-09-27,1729.0,shipped,4504660024
177,13824212.0,50,"This clothing set consists of top and palazzos Blue and yellow printed top, has a shawl neck, long sleeves Blue and yellow printed palazzos, has a drawstring closureThe model (height 5'8"") is wearing a size STop fabric: Polyester Bottom fabric: Polyester Hand-wash",2025-10-10,2025-10-13,2025-10-20,1458.0,packed,5225286263
178,13792342.0,3,"Green Solid Skirt with slip-on closureThe model (height 5'8"") is wearing a size 28 Normal Machine Wash",2025-10-16,2025-10-17,2025-10-19,1798.0,shipped,9682015310
179,17055642.0,8,"Dark shade,  heavy fade blue jeans Skinny fit,  mid-rise Low distress Stretchable 5 pocket Length: cropped Fit: Skinny Fit Stretchable The model (height 5'8) is wearing a size 28Cotton Machine wash",2025-09-21,2025-09-22,2025-09-27,1019.0,out for delivery,6460974888
180,17846396.0,57,"Yellow and green embroidered lehenga choli, sequinned Yellow and green embroidered ready to wear blouse, has a round neck, sleeveless yellow and green printed ready to wear lehenga, has slip-on closure, flared hem Yellow and green solid dupatta, borderCotton Dry Clean Only Regular size & fit",2025-10-03,2025-10-04,2025-10-06,1264.0,ordered,6527757385
181,14569540.0,45,"Pink and navy blue woven design unstitched dress material Pink woven design kurta fabric Navy blue solid bottom fabric Navy blue woven design dupatta, has taping border Disclaimer: Images are for referral purposes only. The actual product is unstitchedTop fabric length: 2 metres Bottom fabric length: 2 metres Dupatta length: 2 metresSilk blend Hand wash",2025-10-06,2025-10-07,2025-10-14,4602.0,ordered,8268548616
182,17815320.0,76,Black and white striped playsuit with waist tie-ups Has a shoulder straps Sleeveless Polyester MachineWashThe model (height 5'8) is wearing a size S,2025-10-19,2025-10-20,2025-10-25,2691.0,ordered,4216587079
183,14355418.0,15,"A combination of chic and cosy, this jacket is sure to become your favourite in no time. Intricately crafted with a lapel collar and long sleeves, this jacket will enhance your sartorial choices. Bright yellow colour Chevron pattern Lapel collar Long sleeves Polyester, machine wash Trend Alert Originally designed to offer protection from the cold and rain, trench coats have evolved into fashionable garments that often feature deep pockets, belted details, and eye-catching buttons. Versatile and comfy, trench coats can effortlessly take you from smart to casual.The model (height 5'8) is wearing a size SOuter shell: 42% polyester, 35% wool, 19% acrylic, 4% nylon, Lining fabric: 100% polyester Machine wash",2025-09-27,2025-09-29,2025-10-04,754.0,packed,2834515471
184,17873342.0,80,"Medium shade,  no fade grey jeans Regular fit,  mid-rise Clean look Non stretchable 5 pocket Length: regular 74%COTTON 24%POLYESTER 2%SPANDEX Fit: Regular Fit Non Stretchable The model (height 5'8) is wearing a size 28",2025-10-12,2025-10-15,2025-10-17,2661.0,out for delivery,5083964630
185,10954884.0,20,"Navy Blue solid jacket, has a hooded, button closure, and straight hem78% Cotton, 21% Polyester & 1% Elastane Machine washThe model (height 5'8"") is wearing a size S",2025-10-07,2025-10-08,2025-10-12,4353.0,packed,2731792549
186,15038644.0,50,"Stylished Women Coat Or Blazer from the House of Campus Sutra. Feature: Smooth Fabric, Comfort Fit, two welt pockets on the front Gentle Machine Wash",2025-10-09,2025-10-12,2025-10-18,2696.0,shipped,6559892841
187,18865974.0,63,Design Details Red and black saree Geometric embroidered saree with embroidered border Has embroidered detail The saree comes with an unstitched blouse piece The blouse worn by the model might be for modelling purpose only. Check the image of the blouse piece to understand how the actual blouse piece looks like. Dry Wash or Normal Wash Length: 5.5 metres plus 0.8 metre blouse piece Width: 1.06 metres (approx.),2025-10-13,2025-10-15,2025-10-19,614.0,out for delivery,2693623449
188,18521496.0,18,"Pink and silver-toned printed lehenga choli, Pink and silver-toned printed ready to wear blouse,  has a one shoulder,  sleeveless,  zip closure Pink and silver-toned printed ready to wear lehenga, has zip closure, flared hem Pink and silver-toned dupatta,  border, Cotton<>Dry Clean",2025-10-14,2025-10-17,2025-10-24,1787.0,out for delivery,3295848029
189,2380278.0,26,"Black saree blouse, has a rouns neck, short sleevesStretchable blouse that fits from 28 inches to 36 inches at the bust The model (height 5'8"") is wearing a free sizeCotton and lycra Hand Wash",2025-10-10,2025-10-11,2025-10-16,2738.0,shipped,4641628902
190,18815858.0,64,"Pink pleated flared mini skirt, has an elasticated waistband, slip-on closure, flared hem 100% cotton Lycra Machine Wash The model (height 5'8"") is wearing a size 28",2025-09-21,2025-09-24,2025-09-27,3666.0,ordered,5251062804
191,19000284.0,40,"Peach-coloured regular top Graphic print Shoulder straps, no sleeves Knitted 100% COTTON Machine wash",2025-09-21,2025-09-24,2025-09-30,3451.0,out for delivery,8451945416
192,13104106.0,6,"Red printed woven-design embroidered shawl, has paisley print Wool and Cotton Dry Clean Only 1.01 m x 2.03 m (Length x Width)",2025-10-14,2025-10-16,2025-10-22,4109.0,out for delivery,5438841268
193,14177888.0,37,"A pair of Blue and White printed woven flared fit Palazzos, opaque, 2 pockets, and slip-on closureMaterial: Polycotton Machine WashThe model (height 5'8"") is wearing a size 28",2025-10-01,2025-10-04,2025-10-08,4122.0,delivered,8182632642
194,18779726.0,18,"Design Details Magenta and black saree Woven design embellished saree with no border The saree comes with an unstitched blouse piece The blouse worn by the model might be for modelling purpose only. Check the image of the blouse piece to understand how the actual blouse piece looks like. Do not tumble dry iron low heat professional dry clean, Do not bleach Length: 5.5 metres plus 0.8 metre blouse piece Width: 1.06 metres (approx.)",2025-09-25,2025-09-26,2025-10-01,3033.0,ordered,2215515464
195,18752220.0,40,"Yellow and gold-toned embellished unstitched dress material Yellow and gold-toned embellished kurta fabric Yellow and gold-toned solid bottom fabric Yellow and gold-toned embellished dupatta, has taping border Disclaimer: Images are for referral purposes only. The actual product is unstitched First Wash Dry Clean There After Hand Wash Top fabric length: Bottom fabric length: Dupatta length: 2 metres (approx)",2025-09-23,2025-09-25,2025-09-30,2675.0,shipped,5665134277
196,16350330.0,10,"Pink knitted parallel Regular fit Mid-rise Length:  regular Pattern: solid Flat-front, with no pleats design Feature:  plain 1 pockets Fit: Regular Fit The model (height 5'8) is wearing a size 28100% Cotton Machine Wash",2025-09-26,2025-09-29,2025-10-06,3759.0,delivered,8919891358
197,19148242.0,56,"Blue solid denim 5-pocket skirt in a cotton weave with a low waist Zip fly and button, and flap back pockets with a button. Pure cotton Machine washThe model (height 5'8'') is wearing a size 23",2025-10-04,2025-10-07,2025-10-11,2175.0,ordered,9455244573
198,15578758.0,76,"Black and gold-toned floral embellished net dupatta, embellished borderNet Hand washDupatta dimensions: 2.43 m x 91 cm (length x width)",2025-09-23,2025-09-25,2025-09-28,876.0,packed,4991099448
199,16379658.0,14,"Grey solid sweatshirt, has one shoulder neck, long sleeves, straight hemCotton Machine WashThe model (height 5'8) is wearing a size S",2025-10-08,2025-10-10,2025-10-12,973.0,shipped,7311965061
200,15874806.0,16,"Pink woven design shawl, has fringed border Features: This ostentatious Kashmiri jamawar shawl is adorned with intricate and meticulous paisley and floral woven designs inspired by mughal motifs and centuries of Kashmiri artistry. This shawl also comes packed in an elegant Pashmoda gift box which complements its royal feel and makes it ideal for gifting.Wool Blend Dry Clean Dimensions: 2.03 m x 1.01 m (Length x Width)",2025-10-11,2025-10-12,2025-10-14,2113.0,ordered,3157801076
